episodes,tmax,goalcoords,rsz,rmax,seed,pcinit,npc,alpha,sigma,plr,clr,llr,alr,slr,gamma,nact,balpha,paramsindex,noise,datadir,figdir,csvname,trials,dxr
50000,100,[0.5],0.05,7,2,uni,64,1.0,0.05,0.01,0.01,0.0001,0.0001,0.0001,0.9,2,0.0,[0],0.0,./data/,./fig/,results_rmax,"[    0   505  1010  1515  2020  2525  3030  3535  4040  4545  5050  5555
  6060  6565  7070  7575  8080  8585  9090  9595 10101 10606 11111 11616
 12121 12626 13131 13636 14141 14646 15151 15656 16161 16666 17171 17676
 18181 18686 19191 19696 20202 20707 21212 21717 22222 22727 23232 23737
 24242 24747 25252 25757 26262 26767 27272 27777 28282 28787 29292 29797
 30303 30808 31313 31818 32323 32828 33333 33838 34343 34848 35353 35858
 36363 36868 37373 37878 38383 38888 39393 39898 40404 40909 41414 41919
 42424 42929 43434 43939 44444 44949 45454 45959 46464 46969 47474 47979
 48484 48989 49494 50000]","[ 1.32368610e-05  1.61575414e-02  9.21743539e-03  6.40696388e-04
 -2.51689663e-03 -5.98120666e-03 -2.64529043e-03 -3.84134300e-03
 -4.69060463e-03 -6.39993876e-04 -5.06577153e-03 -2.21325273e-04
 -5.26140986e-03  8.73869930e-04  8.95713097e-04  1.10244988e-03
  1.47810693e-03  1.20438215e-03  1.55771973e-03  1.48128336e-03
  1.22740734e-03  8.75253036e-04  4.21040770e-04  7.86213091e-04
  5.29031316e-04 -1.36955281e-04  5.06411891e-04  2.41212415e-04
  3.95245277e-04 -6.21655081e-04  7.24176498e-05 -5.16973952e-04
 -2.23314923e-04 -1.96833513e-04 -8.97147900e-04 -9.00386200e-04
 -5.63645614e-04 -1.28295465e-03 -1.19724359e-03 -1.22545725e-03
 -1.00534725e-03 -1.62076686e-03 -1.19115063e-03 -1.21051362e-03
 -2.10682301e-03 -2.59183167e-03 -3.21082920e-03 -3.04149428e-03
 -2.95519255e-03 -3.48915757e-03 -5.45915250e-03 -5.17635082e-03
 -5.50287249e-03 -6.18743354e-03 -4.20877306e-03 -5.43685697e-03
 -6.45918434e-03 -5.77647022e-03 -6.65256053e-03 -7.09789180e-03
 -6.88960939e-03 -7.50410897e-03 -6.13325175e-03 -8.57310062e-03
 -8.35041756e-03 -1.02623668e-02 -9.44809242e-03 -1.01683876e-02
 -9.38268348e-03 -9.40073078e-03 -9.41088318e-03 -1.03142724e-02
 -9.89361767e-03 -1.10116946e-02 -1.06289673e-02 -1.01040173e-02
 -1.02164713e-02 -1.01355586e-02 -1.21590799e-02 -1.09676405e-02
 -1.17741786e-02 -1.13798429e-02 -1.17252531e-02 -1.16818024e-02
 -1.16038833e-02 -1.19206522e-02 -1.06694649e-02 -1.15105227e-02
 -1.11990685e-02 -1.00133483e-02 -1.01302014e-02 -1.04955766e-02
 -9.74470325e-03 -9.76069916e-03 -9.70218216e-03 -9.70536201e-03
 -9.63412482e-03 -9.91847055e-03 -1.01512949e-02 -9.93009022e-03]"
50000,100,[0.5],0.05,7,0,uni,64,1.0,0.05,0.01,0.01,0.0001,0.0001,0.0001,0.9,2,0.0,[0],0.0,./data/,./fig/,results_rmax,"[    0   505  1010  1515  2020  2525  3030  3535  4040  4545  5050  5555
  6060  6565  7070  7575  8080  8585  9090  9595 10101 10606 11111 11616
 12121 12626 13131 13636 14141 14646 15151 15656 16161 16666 17171 17676
 18181 18686 19191 19696 20202 20707 21212 21717 22222 22727 23232 23737
 24242 24747 25252 25757 26262 26767 27272 27777 28282 28787 29292 29797
 30303 30808 31313 31818 32323 32828 33333 33838 34343 34848 35353 35858
 36363 36868 37373 37878 38383 38888 39393 39898 40404 40909 41414 41919
 42424 42929 43434 43939 44444 44949 45454 45959 46464 46969 47474 47979
 48484 48989 49494 50000]","[ 1.32368610e-05  1.96100702e-02  8.29232792e-03  7.19499750e-03
  4.60344286e-03  3.59796203e-03  9.89193777e-03  7.62844261e-03
  7.73057118e-03  6.84760180e-03  1.86906853e-03  5.39295891e-04
 -7.43260175e-04 -2.66957483e-03 -3.67581900e-03 -3.36636153e-03
 -4.78504595e-03 -4.73620422e-03 -4.08889438e-03 -4.65677696e-03
 -6.11487742e-03 -5.01373932e-03 -5.45768596e-03 -5.73009968e-03
 -6.11747985e-03 -7.39128719e-03 -6.22911189e-03 -6.66415727e-03
 -6.50415081e-03 -6.67348967e-03 -7.31320115e-03 -6.69420695e-03
 -7.36844997e-03 -6.90591770e-03 -7.04933419e-03 -6.72709270e-03
 -6.03796515e-03 -7.20431558e-03 -7.12088459e-03 -7.32791378e-03
 -7.58548102e-03 -7.38666980e-03 -7.37270266e-03 -7.36088484e-03
 -6.74714207e-03 -7.36267696e-03 -7.39703074e-03 -8.24275976e-03
 -8.95383989e-03 -9.27662057e-03 -8.96969354e-03 -8.02758494e-03
 -9.78337094e-03 -9.61943843e-03 -9.51046337e-03 -9.99499949e-03
 -1.05097845e-02 -1.09108190e-02 -1.05159496e-02 -1.04974156e-02
 -1.00559943e-02 -1.08970147e-02 -1.03605475e-02 -1.08721287e-02
 -1.07015711e-02 -1.12761463e-02 -1.08725782e-02 -1.00892700e-02
 -9.96112085e-03 -1.04364018e-02 -9.98257073e-03 -1.07227702e-02
 -1.03902582e-02 -1.07219003e-02 -1.02363362e-02 -1.01187255e-02
 -1.01287503e-02 -1.00815254e-02 -9.96954523e-03 -1.03734836e-02
 -9.66352192e-03 -1.04937372e-02 -1.02297353e-02 -1.02410326e-02
 -1.01842291e-02 -9.07009042e-03 -9.60561885e-03 -9.69630078e-03
 -9.59564636e-03 -9.54454128e-03 -9.26053867e-03 -1.02548114e-02
 -9.86729103e-03 -9.76814316e-03 -9.35725281e-03 -9.27131603e-03
 -9.23062290e-03 -9.14572014e-03 -9.12202986e-03 -9.04198950e-03]"
50000,100,[0.5],0.05,7,1,uni,64,1.0,0.05,0.01,0.01,0.0001,0.0001,0.0001,0.9,2,0.0,[0],0.0,./data/,./fig/,results_rmax,"[    0   505  1010  1515  2020  2525  3030  3535  4040  4545  5050  5555
  6060  6565  7070  7575  8080  8585  9090  9595 10101 10606 11111 11616
 12121 12626 13131 13636 14141 14646 15151 15656 16161 16666 17171 17676
 18181 18686 19191 19696 20202 20707 21212 21717 22222 22727 23232 23737
 24242 24747 25252 25757 26262 26767 27272 27777 28282 28787 29292 29797
 30303 30808 31313 31818 32323 32828 33333 33838 34343 34848 35353 35858
 36363 36868 37373 37878 38383 38888 39393 39898 40404 40909 41414 41919
 42424 42929 43434 43939 44444 44949 45454 45959 46464 46969 47474 47979
 48484 48989 49494 50000]","[ 1.32368610e-05  1.73270028e-02  8.42878173e-03  1.91615494e-03
  5.46117934e-03  4.86018115e-03  4.84054477e-03  5.72393216e-03
  5.39664660e-03  5.72928958e-03  5.97807998e-03  5.53787023e-03
  5.38514527e-03  5.59542699e-03  5.20694014e-03  4.92465593e-03
  4.68359816e-03  4.43941305e-03  4.30812006e-03  4.33334227e-03
  4.39314629e-03  4.52845219e-03  3.46700283e-03  2.95116721e-03
  3.87496955e-03  3.05465606e-03  2.69563168e-03  2.58123151e-03
  2.67386725e-03  2.04404047e-03  6.66351892e-04  9.48376115e-04
  9.91745766e-04  9.84806626e-04 -2.91382070e-04 -7.80616490e-04
 -6.32176747e-04 -3.16356915e-03 -3.65649369e-03 -3.86063804e-03
 -4.78714112e-03 -5.61273062e-03 -6.25716494e-03 -6.58966233e-03
 -7.08766622e-03 -7.41170834e-03 -7.57773183e-03 -8.32887797e-03
 -7.45350799e-03 -1.03421266e-02 -8.48952663e-03 -8.83498245e-03
 -8.61016960e-03 -9.11234588e-03 -1.18693829e-02 -1.35841795e-02
 -1.24896120e-02 -1.25010769e-02 -1.25959911e-02 -1.31981216e-02
 -9.80708506e-03 -1.24797310e-02 -1.22119554e-02 -1.32328015e-02
 -1.33067238e-02 -1.35399752e-02 -1.25924282e-02 -1.31347656e-02
 -1.09558827e-02 -1.17474589e-02 -1.12082149e-02 -1.16346150e-02
 -1.21260238e-02 -1.19330668e-02 -1.08083068e-02 -1.06948847e-02
 -1.09795124e-02 -1.12943605e-02 -1.09474917e-02 -1.11478925e-02
 -1.20153161e-02 -1.26598214e-02 -1.26020045e-02 -1.26635750e-02
 -1.21799908e-02 -1.24887867e-02 -1.23165988e-02 -1.21109112e-02
 -1.11422780e-02 -1.22336603e-02 -1.36074649e-02 -1.37076091e-02
 -1.40845212e-02 -1.23869581e-02 -1.26288091e-02 -1.27908677e-02
 -1.30592220e-02 -1.16751680e-02 -1.22543564e-02 -1.25032317e-02]"
50000,100,[0.5],0.05,7,8,uni,64,1.0,0.05,0.01,0.01,0.0001,0.0001,0.0001,0.9,2,0.0,[0],0.0,./data/,./fig/,results_rmax,"[    0   505  1010  1515  2020  2525  3030  3535  4040  4545  5050  5555
  6060  6565  7070  7575  8080  8585  9090  9595 10101 10606 11111 11616
 12121 12626 13131 13636 14141 14646 15151 15656 16161 16666 17171 17676
 18181 18686 19191 19696 20202 20707 21212 21717 22222 22727 23232 23737
 24242 24747 25252 25757 26262 26767 27272 27777 28282 28787 29292 29797
 30303 30808 31313 31818 32323 32828 33333 33838 34343 34848 35353 35858
 36363 36868 37373 37878 38383 38888 39393 39898 40404 40909 41414 41919
 42424 42929 43434 43939 44444 44949 45454 45959 46464 46969 47474 47979
 48484 48989 49494 50000]","[ 1.32368610e-05  1.81446353e-02  1.17358479e-02  8.96517449e-03
  6.22243007e-03  1.39391367e-02  1.10843335e-02  7.65292472e-03
  5.34712987e-03  5.39524445e-03  1.17698395e-02  1.38979818e-02
  1.42872424e-02  1.45592831e-02  1.43317285e-02  1.41386403e-02
  1.42963724e-02  1.42010103e-02  1.44214912e-02  1.33787399e-02
  1.48761201e-02  1.40061294e-02  1.38284443e-02  1.34716241e-02
  1.33178531e-02  1.25879150e-02  1.26774506e-02  1.25855900e-02
  1.15655806e-02  1.19182620e-02  1.19323693e-02  1.19789550e-02
  1.14438268e-02  1.14774461e-02  1.12345807e-02  1.17529989e-02
  1.15243031e-02  1.09154949e-02  1.09048599e-02  1.07085490e-02
  1.10871976e-02  1.02105357e-02  1.04521629e-02  1.00546544e-02
  9.68052630e-03  9.06173644e-03  9.54131634e-03  1.00686580e-02
  9.40718789e-03  8.37460890e-03  7.80213707e-03  8.17671809e-03
  8.11128707e-03  6.45422442e-03  6.83370903e-03  6.28671288e-03
  5.83089367e-03  5.71972593e-03  5.30174819e-03  4.52253099e-03
  3.40477081e-03  4.92223499e-03  3.77255658e-03  3.39321292e-03
  4.18522445e-03  2.89330417e-03  3.73458199e-03  2.87065840e-03
  3.60647578e-03  3.63006635e-03  3.58234041e-03  2.81163815e-03
  2.54914859e-03  2.10681497e-03  1.11210145e-03  1.20321891e-03
  9.80365931e-04  8.00058605e-04  7.83602810e-04  1.70550748e-04
  2.05168557e-04  7.67171053e-04  8.21690000e-04  8.29273833e-04
  1.39753134e-03  1.21003805e-03  1.20767741e-03  1.22679440e-03
  1.27102004e-03  5.87772990e-04  4.55076842e-04 -7.90603519e-05
 -1.50349307e-04 -2.63803487e-04  2.58502274e-04 -8.55810201e-05
 -1.27492583e-04  8.38631454e-05 -1.03343462e-04 -1.15737883e-04]"
50000,100,[0.5],0.05,7,9,uni,64,1.0,0.05,0.01,0.01,0.0001,0.0001,0.0001,0.9,2,0.0,[0],0.0,./data/,./fig/,results_rmax,"[    0   505  1010  1515  2020  2525  3030  3535  4040  4545  5050  5555
  6060  6565  7070  7575  8080  8585  9090  9595 10101 10606 11111 11616
 12121 12626 13131 13636 14141 14646 15151 15656 16161 16666 17171 17676
 18181 18686 19191 19696 20202 20707 21212 21717 22222 22727 23232 23737
 24242 24747 25252 25757 26262 26767 27272 27777 28282 28787 29292 29797
 30303 30808 31313 31818 32323 32828 33333 33838 34343 34848 35353 35858
 36363 36868 37373 37878 38383 38888 39393 39898 40404 40909 41414 41919
 42424 42929 43434 43939 44444 44949 45454 45959 46464 46969 47474 47979
 48484 48989 49494 50000]","[1.32368610e-05 1.85161942e-02 1.06538053e-02 1.45085780e-02
 1.43794011e-02 1.51285430e-02 1.63346765e-02 1.67029279e-02
 1.62637127e-02 1.62096306e-02 1.63628301e-02 1.63960419e-02
 1.63384976e-02 1.65553912e-02 1.66238043e-02 1.62463826e-02
 1.65502219e-02 1.62604801e-02 1.60019822e-02 1.54665105e-02
 1.58599135e-02 1.57262713e-02 1.61765735e-02 1.61339177e-02
 1.55926801e-02 1.60228057e-02 1.57781414e-02 1.53290338e-02
 1.57345274e-02 1.52416360e-02 1.48849546e-02 1.46227231e-02
 1.50822356e-02 1.46883793e-02 1.35236193e-02 1.45763327e-02
 1.40514896e-02 1.33352696e-02 1.32423133e-02 1.27448278e-02
 1.19026590e-02 1.06942106e-02 8.75914203e-03 8.02502749e-03
 4.45212785e-03 3.96631433e-03 3.71807386e-03 2.79645511e-03
 1.99373918e-03 6.93726921e-03 7.01401916e-03 5.42219573e-03
 6.03666934e-03 5.57725923e-03 9.34024032e-03 9.76070323e-03
 8.52464805e-03 9.05618909e-03 9.12268430e-03 9.06880766e-03
 8.97357747e-03 8.71825788e-03 8.83999766e-03 9.01818089e-03
 8.95895417e-03 8.52475274e-03 7.84183592e-03 7.57689746e-03
 6.65988481e-03 7.13291867e-03 6.57210488e-03 8.73221660e-03
 7.57396224e-03 7.61101099e-03 7.13230688e-03 6.58018424e-03
 7.38302362e-03 6.21962784e-03 4.99568043e-03 3.93283721e-03
 6.16933406e-03 5.29590465e-03 5.94238625e-03 6.25024447e-03
 6.28903521e-03 5.24496637e-03 5.52781858e-03 5.41158941e-03
 5.41454543e-03 5.10293653e-03 3.81135413e-03 3.10751488e-03
 4.81607739e-03 4.15547373e-03 4.64486025e-03 4.95266532e-03
 4.72386934e-03 4.75272494e-03 4.51324255e-03 4.64875923e-03]"
50000,100,[0.5],0.05,7,7,uni,64,1.0,0.05,0.01,0.01,0.0001,0.0001,0.0001,0.9,2,0.0,[0],0.0,./data/,./fig/,results_rmax,"[    0   505  1010  1515  2020  2525  3030  3535  4040  4545  5050  5555
  6060  6565  7070  7575  8080  8585  9090  9595 10101 10606 11111 11616
 12121 12626 13131 13636 14141 14646 15151 15656 16161 16666 17171 17676
 18181 18686 19191 19696 20202 20707 21212 21717 22222 22727 23232 23737
 24242 24747 25252 25757 26262 26767 27272 27777 28282 28787 29292 29797
 30303 30808 31313 31818 32323 32828 33333 33838 34343 34848 35353 35858
 36363 36868 37373 37878 38383 38888 39393 39898 40404 40909 41414 41919
 42424 42929 43434 43939 44444 44949 45454 45959 46464 46969 47474 47979
 48484 48989 49494 50000]","[ 1.32368610e-05  1.95449731e-02  1.37781880e-02  1.31141981e-02
  1.20860490e-02  2.82649309e-03  4.83349314e-03  5.75767203e-04
  7.84032999e-04 -1.50475725e-03 -2.37481287e-03 -5.15109713e-03
 -4.27406126e-03 -4.22363826e-03 -4.61888307e-03 -6.24803533e-03
 -5.81362390e-03 -6.53289254e-03 -7.15657630e-03 -7.19253581e-03
 -6.95067571e-03 -7.06158267e-03 -8.71022106e-03 -7.61107177e-03
 -8.82842603e-03 -8.67957714e-03 -8.73512424e-03 -8.57412140e-03
 -7.43360821e-03 -7.54890874e-03 -7.13915765e-03 -7.88134023e-03
 -6.82169522e-03 -7.21414394e-03 -6.71233604e-03 -7.50832577e-03
 -7.96046492e-03 -8.76848185e-03 -7.86914847e-03 -9.28799377e-03
 -7.97540378e-03 -7.66323772e-03 -7.49352186e-03 -7.23614212e-03
 -6.95455437e-03 -8.02209462e-03 -7.72679897e-03 -8.26681810e-03
 -8.84113306e-03 -8.43447046e-03 -8.07076124e-03 -7.88196322e-03
 -8.22453140e-03 -7.98274804e-03 -7.93495490e-03 -8.47267028e-03
 -8.20988888e-03 -8.13320476e-03 -8.05355894e-03 -7.79749998e-03
 -9.07019873e-03 -9.72636838e-03 -9.27537559e-03 -8.81200041e-03
 -8.68448552e-03 -9.30763067e-03 -9.10888050e-03 -8.85522480e-03
 -8.46367789e-03 -8.50391475e-03 -8.52191224e-03 -8.22599126e-03
 -8.14226230e-03 -7.98394392e-03 -7.68750300e-03 -7.53256502e-03
 -8.25258147e-03 -8.02460845e-03 -7.92656065e-03 -7.61134946e-03
 -7.70146973e-03 -7.66043763e-03 -7.59715668e-03 -8.32621028e-03
 -7.96532077e-03 -7.86211994e-03 -8.74589686e-03 -8.23249096e-03
 -8.13406824e-03 -8.14886407e-03 -8.02762692e-03 -7.72524695e-03
 -7.75667692e-03 -7.74885473e-03 -7.70601529e-03 -7.61147946e-03
 -7.53940229e-03 -7.46094391e-03 -6.42758173e-03 -7.31240716e-03]"
50000,100,[0.5],0.05,7,6,uni,64,1.0,0.05,0.01,0.01,0.0001,0.0001,0.0001,0.9,2,0.0,[0],0.0,./data/,./fig/,results_rmax,"[    0   505  1010  1515  2020  2525  3030  3535  4040  4545  5050  5555
  6060  6565  7070  7575  8080  8585  9090  9595 10101 10606 11111 11616
 12121 12626 13131 13636 14141 14646 15151 15656 16161 16666 17171 17676
 18181 18686 19191 19696 20202 20707 21212 21717 22222 22727 23232 23737
 24242 24747 25252 25757 26262 26767 27272 27777 28282 28787 29292 29797
 30303 30808 31313 31818 32323 32828 33333 33838 34343 34848 35353 35858
 36363 36868 37373 37878 38383 38888 39393 39898 40404 40909 41414 41919
 42424 42929 43434 43939 44444 44949 45454 45959 46464 46969 47474 47979
 48484 48989 49494 50000]","[1.32368610e-05 1.81865212e-02 9.08669046e-03 3.76256608e-03
 5.86788694e-03 8.96073935e-04 3.89302535e-03 3.84275403e-03
 9.88604269e-03 1.17047393e-02 1.08974947e-02 7.32156714e-03
 5.10260560e-03 4.54793217e-03 9.30131463e-03 1.07331708e-02
 1.12886235e-02 1.19264910e-02 1.19701692e-02 1.21015944e-02
 1.19649413e-02 1.01546621e-02 1.21265845e-02 1.32551739e-02
 1.25389172e-02 1.23430752e-02 1.37091321e-02 1.24681564e-02
 1.25439535e-02 1.28443345e-02 1.31711182e-02 1.33754582e-02
 1.30890161e-02 1.29561153e-02 1.32451060e-02 1.34643446e-02
 1.39339053e-02 1.34596484e-02 1.21904844e-02 1.39415084e-02
 1.35332826e-02 1.31116050e-02 1.31910443e-02 1.35990589e-02
 1.34339068e-02 1.39328417e-02 1.44262922e-02 1.35667163e-02
 1.45265017e-02 1.40032112e-02 1.37149381e-02 1.32975626e-02
 1.34400108e-02 1.29122103e-02 1.27609179e-02 1.30576600e-02
 1.24262610e-02 1.29574327e-02 1.23573461e-02 1.21157211e-02
 1.23940738e-02 1.19153780e-02 1.14609585e-02 1.18626671e-02
 1.19061958e-02 1.10400816e-02 1.08685048e-02 1.14213503e-02
 1.04341261e-02 1.07931045e-02 1.07749771e-02 1.06784442e-02
 1.04304906e-02 1.04878259e-02 1.00141289e-02 9.87752074e-03
 9.40339572e-03 8.85677443e-03 9.58462497e-03 9.69496257e-03
 9.53662667e-03 9.03791223e-03 8.67103603e-03 8.35951847e-03
 8.29200603e-03 7.55034008e-03 7.62121678e-03 5.32664297e-03
 5.44838189e-03 5.43801621e-03 5.10932402e-03 6.47667061e-03
 5.52246578e-03 6.26994783e-03 6.08982080e-03 5.56974401e-03
 5.12268868e-03 4.69081250e-03 4.06202784e-03 4.34224850e-03]"
50000,100,[0.5],0.05,7,5,uni,64,1.0,0.05,0.01,0.01,0.0001,0.0001,0.0001,0.9,2,0.0,[0],0.0,./data/,./fig/,results_rmax,"[    0   505  1010  1515  2020  2525  3030  3535  4040  4545  5050  5555
  6060  6565  7070  7575  8080  8585  9090  9595 10101 10606 11111 11616
 12121 12626 13131 13636 14141 14646 15151 15656 16161 16666 17171 17676
 18181 18686 19191 19696 20202 20707 21212 21717 22222 22727 23232 23737
 24242 24747 25252 25757 26262 26767 27272 27777 28282 28787 29292 29797
 30303 30808 31313 31818 32323 32828 33333 33838 34343 34848 35353 35858
 36363 36868 37373 37878 38383 38888 39393 39898 40404 40909 41414 41919
 42424 42929 43434 43939 44444 44949 45454 45959 46464 46969 47474 47979
 48484 48989 49494 50000]","[ 1.32368610e-05  1.99997815e-02  1.02898383e-02  2.47060345e-03
 -6.03018388e-04 -1.99474334e-03 -1.76940278e-03 -7.57626083e-04
 -9.53169355e-06  6.58516662e-05  3.18547521e-05  3.66684699e-04
  2.58322827e-04  1.63210966e-03  3.87070313e-04 -7.46951943e-04
  9.93838735e-04  7.93245884e-04  1.16360067e-03  1.44817397e-03
  4.51983069e-04  6.73199845e-04  5.91193812e-04  3.51984878e-04
  2.50669899e-04  2.30666336e-04 -3.52852474e-04 -4.34498433e-04
 -3.39075060e-04 -3.76427544e-04 -4.96005163e-04 -7.94441190e-04
 -7.52668077e-04 -8.94616843e-04 -1.70566297e-03 -1.56827197e-03
 -1.79616229e-03 -2.20720118e-03 -2.41842335e-03 -2.46880557e-03
 -2.57693805e-03 -3.12283092e-03 -3.71498130e-03 -4.49321937e-03
 -4.10390287e-03 -4.50136662e-03 -5.76876937e-03 -4.01988197e-03
 -5.17550739e-03 -5.26713674e-03 -5.27016019e-03 -5.98357832e-03
 -6.08510428e-03 -6.31088831e-03 -7.48102876e-03 -7.50551877e-03
 -8.34845067e-03 -8.52923063e-03 -7.61300095e-03 -8.33845966e-03
 -9.73713694e-03 -9.37222844e-03 -1.03279544e-02 -9.85480233e-03
 -1.07791565e-02 -1.03636282e-02 -1.03605893e-02 -9.95243382e-03
 -1.02719595e-02 -1.02108000e-02 -9.85391001e-03 -9.89223204e-03
 -1.00451932e-02 -1.04308617e-02 -1.04535798e-02 -1.09270639e-02
 -9.42625092e-03 -1.30142794e-02 -1.15070934e-02 -1.12414080e-02
 -1.09295778e-02 -1.08447883e-02 -1.07578979e-02 -1.18691204e-02
 -1.16175452e-02 -1.33342590e-02 -1.14524726e-02 -1.17930014e-02
 -1.14638969e-02 -1.23910380e-02 -1.22086221e-02 -1.23330389e-02
 -1.22349194e-02 -1.20808947e-02 -1.16586381e-02 -1.27342280e-02
 -1.28163154e-02 -1.27042047e-02 -1.26128760e-02 -1.24909265e-02]"
50000,100,[0.5],0.05,8,1,uni,64,1.0,0.05,0.01,0.01,0.0001,0.0001,0.0001,0.9,2,0.0,[0],0.0,./data/,./fig/,results_rmax,"[    0   505  1010  1515  2020  2525  3030  3535  4040  4545  5050  5555
  6060  6565  7070  7575  8080  8585  9090  9595 10101 10606 11111 11616
 12121 12626 13131 13636 14141 14646 15151 15656 16161 16666 17171 17676
 18181 18686 19191 19696 20202 20707 21212 21717 22222 22727 23232 23737
 24242 24747 25252 25757 26262 26767 27272 27777 28282 28787 29292 29797
 30303 30808 31313 31818 32323 32828 33333 33838 34343 34848 35353 35858
 36363 36868 37373 37878 38383 38888 39393 39898 40404 40909 41414 41919
 42424 42929 43434 43939 44444 44949 45454 45959 46464 46969 47474 47979
 48484 48989 49494 50000]","[1.32368610e-05 1.85383834e-02 1.62177586e-02 1.36342826e-02
 1.14724134e-02 9.92458977e-03 1.03259795e-02 9.40098861e-03
 1.44190213e-02 1.24285861e-02 1.19812880e-02 1.09274213e-02
 7.10398456e-03 8.58650123e-03 9.18724795e-03 9.43756183e-03
 9.98077998e-03 1.00846753e-02 9.51064036e-03 1.03517257e-02
 1.04156705e-02 8.92108676e-03 1.02200453e-02 1.04562018e-02
 9.53579923e-03 8.96332764e-03 8.97275543e-03 9.11878510e-03
 9.00097942e-03 9.04745809e-03 8.59063573e-03 8.07363448e-03
 7.44218470e-03 7.35133117e-03 7.62364868e-03 7.62226761e-03
 7.53989200e-03 6.95678586e-03 7.21481710e-03 6.43836159e-03
 6.72755116e-03 6.14280673e-03 6.66950059e-03 7.07391705e-03
 5.86297481e-03 6.70576802e-03 6.47587441e-03 6.20512402e-03
 6.20531831e-03 6.20713484e-03 6.30291208e-03 6.34388734e-03
 6.14583591e-03 5.66804398e-03 3.59113427e-03 5.43091795e-03
 5.69590557e-03 5.68069488e-03 4.85897685e-03 5.03020471e-03
 4.84700135e-03 5.03443193e-03 5.18581112e-03 5.25677447e-03
 5.57596543e-03 5.43923319e-03 5.10541991e-03 5.10356688e-03
 4.64814735e-03 2.18092496e-03 4.43395496e-03 4.24191421e-03
 4.15470802e-03 4.22437809e-03 3.79307662e-03 3.92574277e-03
 3.61004333e-03 4.30260308e-03 4.17470712e-03 4.22192843e-03
 4.21444145e-03 4.36535957e-03 4.45515291e-03 4.53304463e-03
 4.76096655e-03 4.82250267e-03 4.80880186e-03 4.25717522e-03
 4.75228794e-03 4.02789111e-03 3.63845588e-03 3.77468610e-03
 3.78119739e-03 3.54236225e-03 3.60656617e-03 3.59513403e-03
 3.63734717e-03 3.71303518e-03 3.74892648e-03 2.90739104e-03]"
50000,100,[0.5],0.05,8,0,uni,64,1.0,0.05,0.01,0.01,0.0001,0.0001,0.0001,0.9,2,0.0,[0],0.0,./data/,./fig/,results_rmax,"[    0   505  1010  1515  2020  2525  3030  3535  4040  4545  5050  5555
  6060  6565  7070  7575  8080  8585  9090  9595 10101 10606 11111 11616
 12121 12626 13131 13636 14141 14646 15151 15656 16161 16666 17171 17676
 18181 18686 19191 19696 20202 20707 21212 21717 22222 22727 23232 23737
 24242 24747 25252 25757 26262 26767 27272 27777 28282 28787 29292 29797
 30303 30808 31313 31818 32323 32828 33333 33838 34343 34848 35353 35858
 36363 36868 37373 37878 38383 38888 39393 39898 40404 40909 41414 41919
 42424 42929 43434 43939 44444 44949 45454 45959 46464 46969 47474 47979
 48484 48989 49494 50000]","[ 1.32368610e-05  1.85784191e-02  1.70920234e-02  1.23681304e-02
  1.13269320e-02  1.09266158e-02  9.73565798e-03  1.04286264e-02
  1.08148105e-02  9.33108435e-03  1.05989635e-02  1.06960312e-02
  1.01831560e-02  8.63347471e-03  5.36177995e-03  6.46958509e-03
  5.76877299e-03  6.40260712e-03  6.22034123e-03  5.86016923e-03
  5.63257906e-03  4.76190315e-03  5.14646511e-03  5.16792962e-03
  5.29586714e-03  4.68684931e-03  4.44574540e-03  4.38289596e-03
  4.53949986e-03  4.37226875e-03  4.39208975e-03  4.12767462e-03
  2.89162278e-03  3.73768726e-03  3.51125087e-03  3.30159791e-03
  2.55626134e-03  1.88760207e-03  2.65280011e-03  2.25684069e-03
  2.28181867e-03  2.21339250e-03  1.83831596e-03  2.10609972e-03
  1.42565707e-03  1.15474923e-03  9.16943267e-04  1.06198912e-03
  1.22108282e-03  8.78267201e-04  9.31077577e-04  8.62780305e-04
  6.89946554e-04  5.03954410e-04  4.11387674e-05  1.18456474e-04
 -5.29627490e-04 -5.93827095e-04 -1.30283962e-03 -1.62791217e-03
 -2.24734653e-03 -9.76937068e-04 -1.13054565e-03 -2.15671308e-03
 -1.63639048e-03 -1.84789367e-03 -2.25403055e-03 -1.88241583e-03
 -3.18007674e-03 -4.50760266e-03 -3.70116639e-03 -3.02615050e-03
 -5.03283377e-03 -4.47829688e-03 -4.79581023e-03 -6.86606000e-03
 -3.81739414e-03 -4.58563316e-03  1.97947641e-03 -1.43386784e-03
 -1.83406094e-03 -1.82414438e-03 -2.22746325e-03 -3.13865408e-03
 -3.44852775e-03 -3.77920576e-03 -4.32334184e-03 -5.82791879e-03
 -7.83195188e-03 -1.83885449e-02 -6.42207389e-03 -5.78401754e-03
 -6.66124908e-03 -6.79354248e-03 -6.88380060e-03 -7.00108419e-03
 -9.15371756e-03 -8.51527517e-03 -8.28779323e-03 -8.17580731e-03]"
50000,100,[0.5],0.05,8,2,uni,64,1.0,0.05,0.01,0.01,0.0001,0.0001,0.0001,0.9,2,0.0,[0],0.0,./data/,./fig/,results_rmax,"[    0   505  1010  1515  2020  2525  3030  3535  4040  4545  5050  5555
  6060  6565  7070  7575  8080  8585  9090  9595 10101 10606 11111 11616
 12121 12626 13131 13636 14141 14646 15151 15656 16161 16666 17171 17676
 18181 18686 19191 19696 20202 20707 21212 21717 22222 22727 23232 23737
 24242 24747 25252 25757 26262 26767 27272 27777 28282 28787 29292 29797
 30303 30808 31313 31818 32323 32828 33333 33838 34343 34848 35353 35858
 36363 36868 37373 37878 38383 38888 39393 39898 40404 40909 41414 41919
 42424 42929 43434 43939 44444 44949 45454 45959 46464 46969 47474 47979
 48484 48989 49494 50000]","[ 1.32368610e-05  1.94144110e-02  1.32599354e-02  1.27164472e-02
  1.17574105e-02  1.00935333e-02  7.85728950e-03  1.19487331e-02
  1.17954809e-02  1.14985831e-02  8.75671988e-03  3.72256990e-03
  5.02788585e-03  4.86254179e-03  4.98327005e-03  4.93339202e-03
  4.71600766e-03  4.34975689e-03  4.21525116e-03  2.85981145e-03
  3.69439430e-03  2.71967376e-03  3.53503960e-03  3.08044313e-03
  2.79474321e-03  1.43483662e-03  1.61014421e-03  1.61194962e-03
  8.45335082e-04 -1.36905886e-03 -1.44924573e-03 -2.47862833e-03
 -1.50720673e-03 -1.53995506e-03 -1.64872935e-03 -1.38507607e-03
 -1.40158662e-03 -1.54454571e-03 -1.75453378e-03 -1.01571112e-03
 -1.56402943e-03 -1.46794036e-03 -1.44244353e-03 -1.59074092e-03
 -1.82488649e-03 -1.83855899e-03 -1.75495098e-03 -1.69652256e-03
 -1.72990113e-03 -2.19868846e-03 -2.07620708e-03 -2.25881872e-03
 -2.42611537e-03 -2.20028584e-03 -2.45167513e-03 -2.80071325e-03
 -2.72643478e-03 -3.20683386e-03 -3.31245399e-03 -3.19922150e-03
 -4.20300472e-03 -3.80962308e-03 -5.86596464e-03 -3.60848555e-03
 -3.88366851e-03 -4.19237372e-03 -4.02363044e-03 -4.15390825e-03
 -4.07329845e-03 -3.97086168e-03 -4.22699496e-03 -4.32831311e-03
 -3.83345298e-03 -3.93540362e-03 -3.91940600e-03 -3.91345218e-03
 -3.81323978e-03 -3.81704495e-03 -4.15346533e-03 -4.08102439e-03
 -3.99051722e-03 -4.70231823e-03 -4.52163818e-03 -4.53457611e-03
 -4.62339988e-03 -4.62512061e-03 -4.59552518e-03 -4.58066895e-03
 -4.92998448e-03 -5.08636587e-03 -4.92635830e-03 -4.84773285e-03
 -5.12272276e-03 -5.05981094e-03 -5.01625053e-03 -5.35213677e-03
 -5.13509082e-03 -5.12276663e-03 -5.49440365e-03 -5.78370764e-03]"
50000,100,[0.5],0.05,8,3,uni,64,1.0,0.05,0.01,0.01,0.0001,0.0001,0.0001,0.9,2,0.0,[0],0.0,./data/,./fig/,results_rmax,"[    0   505  1010  1515  2020  2525  3030  3535  4040  4545  5050  5555
  6060  6565  7070  7575  8080  8585  9090  9595 10101 10606 11111 11616
 12121 12626 13131 13636 14141 14646 15151 15656 16161 16666 17171 17676
 18181 18686 19191 19696 20202 20707 21212 21717 22222 22727 23232 23737
 24242 24747 25252 25757 26262 26767 27272 27777 28282 28787 29292 29797
 30303 30808 31313 31818 32323 32828 33333 33838 34343 34848 35353 35858
 36363 36868 37373 37878 38383 38888 39393 39898 40404 40909 41414 41919
 42424 42929 43434 43939 44444 44949 45454 45959 46464 46969 47474 47979
 48484 48989 49494 50000]","[ 1.32368610e-05  1.88955642e-02  1.47249056e-02  6.84855098e-03
  1.04737244e-02  1.02500537e-02  9.64816609e-03  8.78982108e-03
  9.88699727e-03  9.63438233e-03  7.93638577e-03  8.60105572e-03
  8.08995104e-03  7.57308777e-03  7.17608124e-03  6.60060640e-03
  5.63244007e-03  2.68392524e-03 -9.87191823e-04  2.52897428e-03
  2.30554340e-03  2.14769715e-03  2.68521251e-03  2.04930611e-03
  1.93042645e-03  2.04191080e-03  1.13254066e-03 -4.80458380e-04
  6.88722077e-04  1.03384308e-03  9.27481340e-04  8.01829955e-04
  7.41936539e-04  1.25613096e-03  1.60182477e-03  1.13708505e-03
  1.50693967e-03  1.57791156e-03  1.22316215e-03  1.11850444e-03
  5.83385954e-04  3.43402933e-04  5.91411326e-04  5.81540498e-04
  5.87704028e-04  5.93175451e-04  4.88982899e-04  3.44424110e-04
  2.79388018e-04  7.84272073e-05  7.03152642e-05 -8.14891027e-05
 -2.58070239e-04  2.60061984e-07 -3.26382257e-04 -2.61929997e-04
 -1.66412957e-04 -5.92365276e-04 -3.83394707e-04  1.57578174e-04
  2.42484136e-04  3.92493206e-04  3.62736949e-05 -2.52174427e-04
 -5.84547098e-04 -1.14184273e-03 -1.06941797e-03 -1.43911311e-03
 -1.70203253e-03 -1.78068022e-03 -2.03062558e-03 -1.53181641e-03
 -1.41549423e-03 -1.47174894e-03 -1.38439332e-03 -1.81386102e-03
 -2.19815748e-03 -3.68501062e-03 -1.99003242e-03 -1.91974765e-03
 -1.86004251e-03 -2.13031623e-03 -2.11799632e-03 -2.58562138e-03
 -1.62549834e-03 -1.93621058e-03 -1.91993042e-03 -2.05174281e-03
 -2.47019239e-03 -2.16099230e-03 -2.65716233e-03 -3.29669568e-03
 -3.27459364e-03 -2.96811841e-03 -3.10970970e-03 -2.93536075e-03
 -2.68277316e-03 -2.85870866e-03 -2.84143703e-03 -2.48204428e-03]"
50000,100,[0.5],0.05,8,7,uni,64,1.0,0.05,0.01,0.01,0.0001,0.0001,0.0001,0.9,2,0.0,[0],0.0,./data/,./fig/,results_rmax,"[    0   505  1010  1515  2020  2525  3030  3535  4040  4545  5050  5555
  6060  6565  7070  7575  8080  8585  9090  9595 10101 10606 11111 11616
 12121 12626 13131 13636 14141 14646 15151 15656 16161 16666 17171 17676
 18181 18686 19191 19696 20202 20707 21212 21717 22222 22727 23232 23737
 24242 24747 25252 25757 26262 26767 27272 27777 28282 28787 29292 29797
 30303 30808 31313 31818 32323 32828 33333 33838 34343 34848 35353 35858
 36363 36868 37373 37878 38383 38888 39393 39898 40404 40909 41414 41919
 42424 42929 43434 43939 44444 44949 45454 45959 46464 46969 47474 47979
 48484 48989 49494 50000]","[1.32368610e-05 1.98013980e-02 1.45715361e-02 1.43133920e-02
 1.06969541e-02 1.03820399e-02 1.11562752e-02 1.04198167e-02
 1.26482825e-02 1.29179623e-02 1.23418188e-02 9.54248119e-03
 7.36396341e-03 8.69360461e-03 4.66130992e-03 5.99273282e-03
 1.35860813e-02 1.53452135e-02 1.53722827e-02 1.52350919e-02
 1.56824695e-02 1.56108259e-02 1.47194991e-02 1.50076014e-02
 1.51583140e-02 1.31232199e-02 1.45951532e-02 1.47547871e-02
 1.41817885e-02 1.39751303e-02 1.39820398e-02 1.33336741e-02
 1.33030872e-02 1.33419142e-02 1.21939701e-02 1.32137578e-02
 1.28238651e-02 1.26037836e-02 1.27342178e-02 1.26389007e-02
 1.22654269e-02 1.20971908e-02 1.14532559e-02 1.15286256e-02
 1.03000922e-02 1.14851624e-02 1.12725567e-02 1.09712818e-02
 1.04836837e-02 1.02776052e-02 1.00183263e-02 9.53268153e-03
 8.11353006e-03 7.43826463e-03 7.52958201e-03 7.56369729e-03
 7.52311603e-03 7.14618022e-03 6.89497677e-03 7.16528648e-03
 7.06818268e-03 6.75830904e-03 7.00933091e-03 6.97624536e-03
 6.87455075e-03 6.41163095e-03 6.70754779e-03 6.31538712e-03
 6.52319204e-03 6.34125125e-03 6.69037351e-03 6.44634312e-03
 6.23880578e-03 5.96421189e-03 6.31846663e-03 6.21797450e-03
 6.01753966e-03 5.74433977e-03 5.70432285e-03 5.51553838e-03
 5.20950437e-03 5.30493027e-03 5.64258532e-03 5.44600198e-03
 5.49917252e-03 5.37473967e-03 5.34735213e-03 5.16720752e-03
 4.88426339e-03 5.07105256e-03 4.44541757e-03 4.80192300e-03
 4.71586098e-03 4.53169190e-03 4.52416371e-03 4.37855883e-03
 4.33626338e-03 4.32231683e-03 4.25341128e-03 4.59007545e-03]"
50000,100,[0.5],0.05,8,9,uni,64,1.0,0.05,0.01,0.01,0.0001,0.0001,0.0001,0.9,2,0.0,[0],0.0,./data/,./fig/,results_rmax,"[    0   505  1010  1515  2020  2525  3030  3535  4040  4545  5050  5555
  6060  6565  7070  7575  8080  8585  9090  9595 10101 10606 11111 11616
 12121 12626 13131 13636 14141 14646 15151 15656 16161 16666 17171 17676
 18181 18686 19191 19696 20202 20707 21212 21717 22222 22727 23232 23737
 24242 24747 25252 25757 26262 26767 27272 27777 28282 28787 29292 29797
 30303 30808 31313 31818 32323 32828 33333 33838 34343 34848 35353 35858
 36363 36868 37373 37878 38383 38888 39393 39898 40404 40909 41414 41919
 42424 42929 43434 43939 44444 44949 45454 45959 46464 46969 47474 47979
 48484 48989 49494 50000]","[1.32368610e-05 1.60629981e-02 1.38744814e-02 7.51149164e-03
 7.28409468e-03 1.18225217e-02 7.78197811e-03 1.02584191e-02
 9.96051080e-03 9.71305079e-03 1.10866090e-02 1.01176373e-02
 8.15538825e-03 8.47525861e-03 9.60177439e-03 9.38472459e-03
 9.09336481e-03 8.90456682e-03 8.42489296e-03 8.31638945e-03
 8.31836494e-03 8.67668580e-03 6.64503391e-03 8.22912629e-03
 8.12002929e-03 8.96770484e-03 7.47486996e-03 7.22971373e-03
 5.19437932e-03 6.92811617e-03 7.01656257e-03 7.17266114e-03
 7.05987469e-03 6.80781005e-03 5.90423333e-03 6.48310869e-03
 6.80020642e-03 5.38970078e-03 6.59464368e-03 3.45557350e-03
 1.33152921e-02 1.30450470e-02 1.12667253e-02 1.14099996e-02
 1.07902646e-02 1.05268622e-02 1.02740391e-02 1.02050480e-02
 5.20019652e-03 1.03603733e-02 1.07521108e-02 1.09395397e-02
 1.07716209e-02 1.10296359e-02 1.10832213e-02 1.09890443e-02
 9.38310719e-03 1.08112281e-02 1.06553318e-02 1.04691266e-02
 1.02885340e-02 9.14382700e-03 8.91588475e-03 9.75865445e-03
 9.06069954e-03 7.18531461e-03 8.89208843e-03 8.70727031e-03
 8.92934612e-03 8.83720509e-03 8.50145050e-03 8.91340850e-03
 8.65712946e-03 7.01380219e-03 7.92892126e-03 7.46400946e-03
 7.42601488e-03 7.48147983e-03 7.59520513e-03 7.70688024e-03
 7.75106450e-03 7.73158620e-03 7.61222727e-03 7.40167952e-03
 7.48959966e-03 7.54521445e-03 7.18468504e-03 6.79114503e-03
 6.74877077e-03 6.75736548e-03 6.79877443e-03 6.95281892e-03
 6.21016757e-03 5.96823434e-03 6.11494000e-03 6.20777237e-03
 5.76655406e-03 5.78434174e-03 5.85165215e-03 5.97034872e-03]"
50000,100,[0.5],0.05,8,4,uni,64,1.0,0.05,0.01,0.01,0.0001,0.0001,0.0001,0.9,2,0.0,[0],0.0,./data/,./fig/,results_rmax,"[    0   505  1010  1515  2020  2525  3030  3535  4040  4545  5050  5555
  6060  6565  7070  7575  8080  8585  9090  9595 10101 10606 11111 11616
 12121 12626 13131 13636 14141 14646 15151 15656 16161 16666 17171 17676
 18181 18686 19191 19696 20202 20707 21212 21717 22222 22727 23232 23737
 24242 24747 25252 25757 26262 26767 27272 27777 28282 28787 29292 29797
 30303 30808 31313 31818 32323 32828 33333 33838 34343 34848 35353 35858
 36363 36868 37373 37878 38383 38888 39393 39898 40404 40909 41414 41919
 42424 42929 43434 43939 44444 44949 45454 45959 46464 46969 47474 47979
 48484 48989 49494 50000]","[1.32368610e-05 2.30150351e-02 1.65509716e-02 9.17182480e-03
 1.13746289e-02 1.69091653e-02 1.44899525e-02 1.30706399e-02
 1.24094418e-02 8.88739963e-03 9.21506829e-03 8.91785609e-03
 8.93976442e-03 8.87449721e-03 9.19870585e-03 9.23605811e-03
 9.40597036e-03 9.42719442e-03 9.14719051e-03 8.92398674e-03
 8.13561195e-03 9.25005902e-03 7.92946452e-03 7.31485430e-03
 5.76078655e-03 5.69696890e-03 5.27453545e-03 4.24622555e-03
 4.85221308e-03 4.95667325e-03 5.03752729e-03 5.03089971e-03
 4.80758738e-03 4.91162578e-03 4.75945367e-03 4.59439081e-03
 4.94013539e-03 4.90714558e-03 4.96968357e-03 4.56279215e-03
 5.04022586e-03 4.37274331e-03 4.46760311e-03 4.40657043e-03
 4.12832396e-03 3.65265100e-03 3.87755124e-03 3.92997567e-03
 4.17464346e-03 3.73957962e-03 3.71417112e-03 3.35163919e-03
 2.20676264e-03 3.29557549e-03 3.43969378e-03 3.34213060e-03
 2.72329837e-03 2.77271983e-03 2.99341727e-03 3.11883326e-03
 3.12228989e-03 2.78683554e-03 2.91686148e-03 2.15527965e-03
 2.60058395e-03 2.14992347e-03 2.18323076e-03 2.34545089e-03
 2.47781031e-03 2.56761211e-03 2.18359154e-03 2.65787383e-03
 2.48441274e-03 1.96501503e-03 1.99327826e-03 2.10047743e-03
 2.05319670e-03 1.74998078e-03 1.96050573e-03 2.26432036e-03
 2.22746309e-03 1.67824430e-03 1.77641067e-03 1.43169141e-03
 1.50630228e-03 1.59567901e-03 1.66648810e-03 1.71824701e-03
 1.83576315e-03 1.80117281e-03 1.81458832e-03 1.80287218e-03
 1.61013355e-03 1.70356312e-03 1.26728104e-03 1.41158296e-03
 1.54722945e-03 1.60339952e-03 1.63596548e-03 1.66045240e-03]"
50000,100,[0.5],0.05,8,6,uni,64,1.0,0.05,0.01,0.01,0.0001,0.0001,0.0001,0.9,2,0.0,[0],0.0,./data/,./fig/,results_rmax,"[    0   505  1010  1515  2020  2525  3030  3535  4040  4545  5050  5555
  6060  6565  7070  7575  8080  8585  9090  9595 10101 10606 11111 11616
 12121 12626 13131 13636 14141 14646 15151 15656 16161 16666 17171 17676
 18181 18686 19191 19696 20202 20707 21212 21717 22222 22727 23232 23737
 24242 24747 25252 25757 26262 26767 27272 27777 28282 28787 29292 29797
 30303 30808 31313 31818 32323 32828 33333 33838 34343 34848 35353 35858
 36363 36868 37373 37878 38383 38888 39393 39898 40404 40909 41414 41919
 42424 42929 43434 43939 44444 44949 45454 45959 46464 46969 47474 47979
 48484 48989 49494 50000]","[ 1.32368610e-05  1.93297034e-02  1.49413972e-02  1.01822034e-02
  6.89209151e-03  6.71321594e-03  5.24832496e-03  3.27458071e-04
  1.06255669e-03 -1.19436082e-04  7.00696801e-04  2.50654268e-03
  1.21418745e-03 -1.57158797e-03 -1.98992451e-03 -1.00084677e-03
 -6.41776980e-04 -5.25889923e-04 -8.98590521e-05  1.25237088e-05
  1.95572679e-04 -1.27913462e-03 -3.03303531e-03 -2.17348549e-03
 -2.07923328e-03 -2.54577288e-03 -2.68315761e-03 -3.68969144e-03
 -3.21149944e-03 -3.76907159e-03 -4.15959007e-03 -3.94587227e-03
 -4.49003013e-03 -4.94257578e-03 -4.79614972e-03 -5.10378400e-03
 -4.70867980e-03 -4.55818780e-03 -4.39195720e-03 -4.35269865e-03
 -4.83043241e-03 -5.19590896e-03 -4.99283897e-03 -5.29344262e-03
 -5.13245412e-03 -4.70522415e-03 -6.39308835e-03 -5.84634332e-03
 -6.03641636e-03 -5.88227516e-03 -5.73738056e-03 -6.24959307e-03
 -8.32140226e-03 -6.45406614e-03 -7.78800984e-03 -7.23353599e-03
 -6.82197264e-03 -6.61184245e-03 -6.56375576e-03 -6.43850338e-03
 -6.83869726e-03 -6.76759297e-03 -6.92997991e-03 -6.93138097e-03
 -7.13137848e-03 -7.01699804e-03 -7.11262265e-03 -7.12399323e-03
 -7.57607968e-03 -7.40540798e-03 -7.25601187e-03 -7.15710756e-03
 -7.60535872e-03 -8.08599687e-03 -7.84048725e-03 -7.56914063e-03
 -7.86286424e-03 -7.79262211e-03 -8.20250420e-03 -8.04659020e-03
 -7.96491488e-03 -7.77730612e-03 -7.56476139e-03 -7.56225663e-03
 -7.51068897e-03 -7.48785858e-03 -7.82929349e-03 -7.84686649e-03
 -7.59166415e-03 -7.47613511e-03 -7.26269015e-03 -7.94431297e-03
 -8.06498444e-03 -8.62445674e-03 -8.43670655e-03 -8.82402746e-03
 -8.71013311e-03 -8.65936503e-03 -8.63203375e-03 -8.53896774e-03]"
50000,100,[0.5],0.05,8,5,uni,64,1.0,0.05,0.01,0.01,0.0001,0.0001,0.0001,0.9,2,0.0,[0],0.0,./data/,./fig/,results_rmax,"[    0   505  1010  1515  2020  2525  3030  3535  4040  4545  5050  5555
  6060  6565  7070  7575  8080  8585  9090  9595 10101 10606 11111 11616
 12121 12626 13131 13636 14141 14646 15151 15656 16161 16666 17171 17676
 18181 18686 19191 19696 20202 20707 21212 21717 22222 22727 23232 23737
 24242 24747 25252 25757 26262 26767 27272 27777 28282 28787 29292 29797
 30303 30808 31313 31818 32323 32828 33333 33838 34343 34848 35353 35858
 36363 36868 37373 37878 38383 38888 39393 39898 40404 40909 41414 41919
 42424 42929 43434 43939 44444 44949 45454 45959 46464 46969 47474 47979
 48484 48989 49494 50000]","[1.32368610e-05 1.86869126e-02 1.57225309e-02 1.45302811e-02
 1.58651511e-02 1.17782403e-02 1.16055132e-02 8.52061581e-03
 9.69122690e-03 1.04976268e-02 9.27975494e-03 9.86483705e-03
 1.03608339e-02 5.46689830e-03 1.48282494e-02 1.56971535e-02
 1.57200609e-02 1.56553790e-02 1.62716867e-02 1.56837419e-02
 1.51984811e-02 1.52674586e-02 1.50097510e-02 1.50359788e-02
 1.46635257e-02 1.48352248e-02 1.42334725e-02 1.48784918e-02
 1.41799938e-02 1.42022858e-02 1.43847410e-02 1.38199835e-02
 1.38277998e-02 1.35732314e-02 1.33272280e-02 1.30440593e-02
 1.30800415e-02 1.34075664e-02 1.29208161e-02 1.16531259e-02
 1.25467823e-02 1.25485118e-02 1.26414121e-02 1.22784959e-02
 1.21692153e-02 1.19966677e-02 1.21211983e-02 1.20797775e-02
 1.21433755e-02 1.17734921e-02 1.00104827e-02 1.09392628e-02
 1.09419987e-02 1.07367243e-02 1.06555281e-02 9.98203317e-03
 9.32897962e-03 9.60184403e-03 9.21568488e-03 9.16915314e-03
 8.85428834e-03 7.75917647e-03 5.50537922e-03 5.30759673e-03
 4.68185130e-03 7.72951476e-03 4.89170671e-03 4.74675927e-03
 4.78820094e-03 4.77789869e-03 4.49579282e-03 4.61569451e-03
 4.70367655e-03 4.60004265e-03 4.51368100e-03 4.38783730e-03
 3.94108517e-03 4.22679473e-03 4.28097828e-03 4.38601408e-03
 4.15137147e-03 3.98157849e-03 4.10258133e-03 3.94095822e-03
 3.89788866e-03 3.92527146e-03 3.85832457e-03 3.86755928e-03
 3.79842607e-03 3.73855962e-03 3.65762145e-03 3.42000030e-03
 3.52908052e-03 3.59373205e-03 3.44385769e-03 1.60782533e-03
 2.95814301e-03 3.19595451e-03 3.20272233e-03 3.27009630e-03]"
50000,100,[0.5],0.05,8,8,uni,64,1.0,0.05,0.01,0.01,0.0001,0.0001,0.0001,0.9,2,0.0,[0],0.0,./data/,./fig/,results_rmax,"[    0   505  1010  1515  2020  2525  3030  3535  4040  4545  5050  5555
  6060  6565  7070  7575  8080  8585  9090  9595 10101 10606 11111 11616
 12121 12626 13131 13636 14141 14646 15151 15656 16161 16666 17171 17676
 18181 18686 19191 19696 20202 20707 21212 21717 22222 22727 23232 23737
 24242 24747 25252 25757 26262 26767 27272 27777 28282 28787 29292 29797
 30303 30808 31313 31818 32323 32828 33333 33838 34343 34848 35353 35858
 36363 36868 37373 37878 38383 38888 39393 39898 40404 40909 41414 41919
 42424 42929 43434 43939 44444 44949 45454 45959 46464 46969 47474 47979
 48484 48989 49494 50000]","[1.32368610e-05 1.94352237e-02 1.47522304e-02 1.13637777e-02
 1.06156850e-02 8.71228641e-03 1.19831233e-02 7.97814245e-03
 1.00922033e-02 9.14800578e-03 9.65998212e-03 9.30511053e-03
 6.54919890e-03 1.42012969e-02 1.56090674e-02 1.55380535e-02
 1.57071872e-02 1.56644365e-02 1.57301089e-02 1.54482749e-02
 1.52549945e-02 1.48694519e-02 1.45656063e-02 1.42122345e-02
 1.41550895e-02 1.41581383e-02 1.41160044e-02 1.35660725e-02
 1.32547204e-02 1.31009936e-02 1.28210263e-02 1.24898453e-02
 1.21805574e-02 1.23698403e-02 1.20671058e-02 1.17933129e-02
 1.17220554e-02 1.17457033e-02 1.11797598e-02 1.08768302e-02
 1.13487436e-02 1.14295060e-02 1.06846568e-02 9.86435858e-03
 9.16760204e-03 7.07610286e-03 6.90714281e-03 7.00390688e-03
 5.60556964e-03 6.81897379e-03 6.87808627e-03 6.41407900e-03
 6.59156517e-03 6.17107345e-03 5.88554372e-03 6.01266368e-03
 5.60027369e-03 5.84872988e-03 5.76927158e-03 5.29597141e-03
 5.48839622e-03 5.74830806e-03 5.41737081e-03 5.01416678e-03
 4.65940654e-03 3.45244795e-03 5.17597956e-03 4.76068919e-03
 4.04752862e-03 4.19533720e-03 4.05564476e-03 3.94589859e-03
 3.59752272e-03 3.47537848e-03 3.41826476e-03 3.80444929e-03
 4.57527724e-03 4.74866590e-03 4.96969502e-03 4.76783773e-03
 5.00530642e-03 4.72131068e-03 4.43917191e-03 4.61266238e-03
 4.59352157e-03 3.77874174e-03 4.26643048e-03 3.07379551e-03
 3.10232777e-03 4.44673362e-03 5.09074693e-03 4.93163005e-03
 3.72637506e-03 3.07597360e-03 3.53780520e-03 3.83505377e-03
 2.89180195e-03 3.37647492e-03 3.14078895e-03 3.36356195e-03]"
50000,100,[0.5],0.05,9,1,uni,64,1.0,0.05,0.01,0.01,0.0001,0.0001,0.0001,0.9,2,0.0,[0],0.0,./data/,./fig/,results_rmax,"[    0   505  1010  1515  2020  2525  3030  3535  4040  4545  5050  5555
  6060  6565  7070  7575  8080  8585  9090  9595 10101 10606 11111 11616
 12121 12626 13131 13636 14141 14646 15151 15656 16161 16666 17171 17676
 18181 18686 19191 19696 20202 20707 21212 21717 22222 22727 23232 23737
 24242 24747 25252 25757 26262 26767 27272 27777 28282 28787 29292 29797
 30303 30808 31313 31818 32323 32828 33333 33838 34343 34848 35353 35858
 36363 36868 37373 37878 38383 38888 39393 39898 40404 40909 41414 41919
 42424 42929 43434 43939 44444 44949 45454 45959 46464 46969 47474 47979
 48484 48989 49494 50000]","[ 1.32368610e-05  1.88507761e-02  1.55390931e-02  1.49397242e-02
  1.43972543e-02  1.40873289e-02  1.35845185e-02  1.30467677e-02
  1.25047863e-02  1.32202431e-02  1.30574640e-02  1.37799236e-02
  1.29869086e-02  1.33425299e-02  1.30224378e-02  1.28783664e-02
  1.32846564e-02  1.35032253e-02  1.45126213e-02  1.48830835e-02
  1.57484194e-02  1.57065801e-02  1.52470829e-02  1.63113554e-02
  1.67075762e-02  1.72021267e-02  1.69817406e-02  1.76724184e-02
  1.68509123e-02  1.64856289e-02  1.73743938e-02  1.76709992e-02
  1.83350376e-02  1.86490563e-02  1.87563197e-02  1.83264055e-02
  1.84798174e-02  1.90383451e-02  2.05664940e-02  1.99625118e-02
  1.93499718e-02  1.95772315e-02  1.92136097e-02  1.60197814e-02
  1.87813113e-02  1.55840724e-02  1.84460382e-02  1.65186468e-02
  1.56073263e-02  1.65528296e-02  1.67068749e-02  1.49855976e-02
  1.23883149e-02  1.08145292e-02  7.68286913e-03  6.48617813e-03
  6.17786612e-03  5.26298613e-03  4.68455472e-03  4.01442671e-03
  6.66129831e-03  5.89202237e-03  4.65845770e-03 -1.33643252e-02
  2.48757482e-03  2.93952888e-03  2.47564017e-03  2.50786552e-03
  4.80848754e-03  2.60505382e-03  1.88435557e-03 -5.59040861e-03
 -4.82325724e-03 -9.38503530e-03 -1.31025427e-02 -1.66469162e-02
 -1.96368888e-02 -1.93010239e-02 -7.74997019e-03 -6.39623821e-03
 -5.22673965e-03 -3.88819296e-03 -4.41899545e-03 -8.15384135e-03
 -8.25604820e-03 -8.57468558e-03 -4.75157739e-03 -4.58258915e-03
 -6.02098714e-03  3.09559106e-03  1.82533854e-03  4.20295159e-04
  1.07293058e-03 -8.53614841e-05  1.56118803e-03  2.41011609e-04
 -4.10020437e-04 -6.28103294e-04 -1.65930529e-03 -2.54813629e-03]"
50000,100,[0.5],0.05,9,0,uni,64,1.0,0.05,0.01,0.01,0.0001,0.0001,0.0001,0.9,2,0.0,[0],0.0,./data/,./fig/,results_rmax,"[    0   505  1010  1515  2020  2525  3030  3535  4040  4545  5050  5555
  6060  6565  7070  7575  8080  8585  9090  9595 10101 10606 11111 11616
 12121 12626 13131 13636 14141 14646 15151 15656 16161 16666 17171 17676
 18181 18686 19191 19696 20202 20707 21212 21717 22222 22727 23232 23737
 24242 24747 25252 25757 26262 26767 27272 27777 28282 28787 29292 29797
 30303 30808 31313 31818 32323 32828 33333 33838 34343 34848 35353 35858
 36363 36868 37373 37878 38383 38888 39393 39898 40404 40909 41414 41919
 42424 42929 43434 43939 44444 44949 45454 45959 46464 46969 47474 47979
 48484 48989 49494 50000]","[ 1.32368610e-05  1.99834467e-02  1.59111922e-02  1.58255932e-02
  1.49832589e-02  1.47968566e-02  1.45794238e-02  1.37062497e-02
  1.43802909e-02  1.41585737e-02  1.40121893e-02  1.37588676e-02
  1.41147639e-02  1.34817316e-02  1.34478433e-02  1.40543606e-02
  1.40324979e-02  1.54988953e-02  1.42942311e-02  1.53666222e-02
  1.46450050e-02  1.46896586e-02  1.42671382e-02  1.57472692e-02
  1.42297398e-02  1.46841064e-02  1.47323723e-02  1.51788342e-02
  1.53953666e-02  1.53194269e-02  1.52321150e-02  1.61747113e-02
  1.59581161e-02  1.83583309e-02  1.72304054e-02  1.72776078e-02
  1.57845850e-02  1.81408819e-02  1.74828488e-02  1.71379924e-02
  1.73459001e-02  1.77450671e-02  1.77959297e-02  1.78442320e-02
  1.77567224e-02  1.83235610e-02  1.83732922e-02  1.88199879e-02
  1.89729130e-02  1.87334855e-02  1.94585687e-02  1.62454206e-02
  1.43540377e-02  1.55315099e-02  1.03734691e-02  1.10415793e-02
  9.03940099e-03  1.04908996e-02  8.11296070e-03  9.63479257e-03
  1.59468561e-02  1.92052561e-02  1.57618098e-02  1.71747865e-02
  1.60750646e-02  1.34214509e-02  1.07283299e-02 -4.98256222e-04
 -2.03220620e-03 -2.07487268e-03 -1.25023603e-03 -7.05353342e-04
 -4.02160365e-04 -1.69508150e-03 -2.17960829e-03 -2.77526872e-03
 -1.97329598e-03 -5.53089884e-04 -2.75484484e-03 -4.01550889e-03
  2.78755428e-03  2.38992505e-03  8.45080651e-04  1.26356224e-03
 -3.35612031e-03 -5.94798859e-03 -1.12949920e-03 -1.84363508e-03
  6.36206406e-04 -7.07417544e-04  8.07666008e-04 -4.92741383e-04
  4.23262956e-04  3.39324897e-04 -9.35652607e-04  1.14922671e-03
 -8.05311121e-04 -4.09622663e-03 -9.04747183e-03 -1.18382712e-02]"
50000,100,[0.5],0.05,9,2,uni,64,1.0,0.05,0.01,0.01,0.0001,0.0001,0.0001,0.9,2,0.0,[0],0.0,./data/,./fig/,results_rmax,"[    0   505  1010  1515  2020  2525  3030  3535  4040  4545  5050  5555
  6060  6565  7070  7575  8080  8585  9090  9595 10101 10606 11111 11616
 12121 12626 13131 13636 14141 14646 15151 15656 16161 16666 17171 17676
 18181 18686 19191 19696 20202 20707 21212 21717 22222 22727 23232 23737
 24242 24747 25252 25757 26262 26767 27272 27777 28282 28787 29292 29797
 30303 30808 31313 31818 32323 32828 33333 33838 34343 34848 35353 35858
 36363 36868 37373 37878 38383 38888 39393 39898 40404 40909 41414 41919
 42424 42929 43434 43939 44444 44949 45454 45959 46464 46969 47474 47979
 48484 48989 49494 50000]","[ 1.32368610e-05  1.94211663e-02  1.58226571e-02  1.46395201e-02
  1.44553221e-02  1.38196092e-02  1.36636628e-02  1.34714472e-02
  1.31506260e-02  1.37057025e-02  1.28553705e-02  1.25258674e-02
  1.29646777e-02  1.19684326e-02  1.26477461e-02  1.30220270e-02
  1.24525049e-02  1.26276403e-02  1.39564644e-02  1.21844802e-02
  1.30550610e-02  1.26135266e-02  1.24939343e-02  1.38469536e-02
  1.30350802e-02  1.45091825e-02  1.37433933e-02  1.45155525e-02
  1.25593447e-02  1.39556613e-02  1.59595750e-02  1.46078296e-02
  1.51134867e-02  1.62278857e-02  1.74001050e-02  1.52694301e-02
  1.60269966e-02  1.69062692e-02  1.64866300e-02  1.68065880e-02
  1.66768363e-02  1.67636323e-02  1.69760627e-02  1.86390394e-02
  1.79329534e-02  1.79933212e-02  1.81828959e-02  1.88827201e-02
  1.81074601e-02  1.86035528e-02  1.87477181e-02  1.92299747e-02
  1.93885176e-02  1.93484383e-02  1.94306128e-02  1.41513454e-02
  1.34749107e-02  1.27595668e-02  1.01939804e-02  1.02060441e-02
  1.58635494e-02  1.16010965e-02  8.75811111e-03  1.19730566e-02
  9.63917035e-03  9.48722886e-03  9.09338071e-03  8.51123546e-03
  6.38593296e-03  2.94720921e-03 -4.50053337e-03 -7.26979606e-03
 -7.80106579e-03 -8.10259667e-03 -8.68752831e-03 -9.04850373e-03
 -8.25942194e-03 -1.00295280e-02 -1.08225308e-02 -4.01360221e-03
 -5.00528892e-03 -5.46283679e-03 -7.68912336e-03 -7.64586665e-03
 -5.45773965e-03 -6.16444138e-03 -6.15276530e-03  2.62351409e-03
  1.66969738e-03  4.14815386e-03  1.52146914e-03 -2.44421150e-04
 -2.47213426e-03  6.41926042e-03 -3.34785214e-03 -7.40529394e-03
 -1.49599628e-02 -1.75636244e-02 -1.68355403e-02 -1.68418520e-02]"
50000,100,[0.5],0.05,7,4,uni,64,1.0,0.05,0.01,0.01,0.0001,0.0001,0.0001,0.9,2,0.0,[0],0.0,./data/,./fig/,results_rmax,"[    0   505  1010  1515  2020  2525  3030  3535  4040  4545  5050  5555
  6060  6565  7070  7575  8080  8585  9090  9595 10101 10606 11111 11616
 12121 12626 13131 13636 14141 14646 15151 15656 16161 16666 17171 17676
 18181 18686 19191 19696 20202 20707 21212 21717 22222 22727 23232 23737
 24242 24747 25252 25757 26262 26767 27272 27777 28282 28787 29292 29797
 30303 30808 31313 31818 32323 32828 33333 33838 34343 34848 35353 35858
 36363 36868 37373 37878 38383 38888 39393 39898 40404 40909 41414 41919
 42424 42929 43434 43939 44444 44949 45454 45959 46464 46969 47474 47979
 48484 48989 49494 50000]","[1.32368610e-05 1.59857567e-02 5.95738683e-03 1.38459019e-02
 1.03338635e-02 1.29410768e-02 1.34416925e-02 1.39716659e-02
 1.29225380e-02 1.41864691e-02 1.42402500e-02 1.44966007e-02
 1.50670928e-02 1.44352806e-02 1.49170045e-02 1.41768723e-02
 1.54165915e-02 1.49552508e-02 1.48895218e-02 1.53183460e-02
 1.60455201e-02 1.51783587e-02 1.55147216e-02 1.50493069e-02
 1.54043982e-02 1.52810412e-02 1.57018744e-02 1.56426749e-02
 1.56790977e-02 1.51543917e-02 1.56525029e-02 1.53888928e-02
 1.56035939e-02 1.58194932e-02 1.58526686e-02 1.61608443e-02
 1.59143224e-02 1.58329900e-02 1.49912955e-02 1.47088492e-02
 1.45211399e-02 1.37308997e-02 1.39135292e-02 1.33455444e-02
 1.32747381e-02 1.33196981e-02 1.32781901e-02 1.33664656e-02
 1.30941873e-02 1.32353465e-02 1.23322740e-02 1.29905548e-02
 1.29291213e-02 1.21974016e-02 1.27046208e-02 1.19935380e-02
 1.18499606e-02 1.15212748e-02 1.08621922e-02 9.35187114e-03
 1.03203038e-02 9.94622454e-03 9.67794281e-03 9.93677574e-03
 9.22581954e-03 9.17435321e-03 9.39524101e-03 8.67541608e-03
 8.42631940e-03 7.73319940e-03 7.54825105e-03 7.37146307e-03
 5.11547237e-03 5.77992596e-03 5.80279954e-03 7.01260330e-03
 7.42230018e-03 7.52746084e-03 8.18758597e-03 7.77349634e-03
 7.50097705e-03 7.30775514e-03 6.74330902e-03 6.92845758e-03
 6.64610108e-03 5.84878564e-03 6.03340504e-03 6.40229235e-03
 5.64515141e-03 5.89050968e-03 5.33626656e-03 5.02225680e-03
 4.81604713e-03 4.91608658e-03 4.83671499e-03 4.76397715e-03
 4.32794405e-03 3.87133556e-03 4.36594205e-03 4.31037536e-03]"
50000,100,[0.5],0.05,7,3,uni,64,1.0,0.05,0.01,0.01,0.0001,0.0001,0.0001,0.9,2,0.0,[0],0.0,./data/,./fig/,results_rmax,"[    0   505  1010  1515  2020  2525  3030  3535  4040  4545  5050  5555
  6060  6565  7070  7575  8080  8585  9090  9595 10101 10606 11111 11616
 12121 12626 13131 13636 14141 14646 15151 15656 16161 16666 17171 17676
 18181 18686 19191 19696 20202 20707 21212 21717 22222 22727 23232 23737
 24242 24747 25252 25757 26262 26767 27272 27777 28282 28787 29292 29797
 30303 30808 31313 31818 32323 32828 33333 33838 34343 34848 35353 35858
 36363 36868 37373 37878 38383 38888 39393 39898 40404 40909 41414 41919
 42424 42929 43434 43939 44444 44949 45454 45959 46464 46969 47474 47979
 48484 48989 49494 50000]","[ 1.32368610e-05  1.87536605e-02  9.78370975e-03  1.42217350e-02
  7.72133855e-03  6.87856362e-03  5.69038532e-03  4.87434258e-03
  8.77194287e-03  1.46286618e-03  9.49735650e-04  2.26427684e-04
  2.03687617e-04 -6.33329981e-04 -2.17556645e-03 -2.67110026e-03
 -2.79138525e-03 -4.04680830e-03 -5.66079303e-03 -4.61648192e-03
 -5.06720014e-03 -4.86760163e-03 -4.89431932e-03 -5.70029707e-03
 -5.38236310e-03 -5.28047267e-03 -5.51708437e-03 -5.37901515e-03
 -6.27270609e-03 -5.51437126e-03 -8.76318708e-03 -6.49818406e-03
 -6.24681273e-03 -6.67309195e-03 -7.11165065e-03 -7.03071652e-03
 -7.17277229e-03 -6.96133794e-03 -6.19776063e-03 -5.96977340e-03
 -7.49399179e-03 -7.12211205e-03 -6.25925743e-03 -6.21832283e-03
 -6.80252250e-03 -6.59191496e-03 -6.47529716e-03 -6.09864121e-03
 -7.26863331e-03 -7.11916088e-03 -7.11200249e-03 -7.67631002e-03
 -7.57376523e-03 -7.59216962e-03 -7.49756088e-03 -7.25823799e-03
 -7.20054566e-03 -8.10297255e-03 -7.90739855e-03 -7.67299657e-03
 -7.30576823e-03 -7.24397372e-03 -6.86613718e-03 -6.85953085e-03
 -6.77499659e-03 -6.76879025e-03 -6.69297338e-03 -6.69116602e-03
 -6.82053936e-03 -6.72474622e-03 -6.69876330e-03 -6.63773080e-03
 -7.09259490e-03 -6.77796314e-03 -6.84842536e-03 -6.77353474e-03
 -6.73257172e-03 -6.39298838e-03 -5.89657795e-03 -6.03106516e-03
 -5.97921895e-03 -6.65838823e-03 -6.81239727e-03 -6.75509078e-03
 -7.14540500e-03 -7.10858385e-03 -7.06268508e-03 -6.98976188e-03
 -6.96305314e-03 -6.83837753e-03 -6.84231892e-03 -6.87797464e-03
 -6.29446805e-03 -6.73617200e-03 -8.29436082e-03 -8.09961486e-03
 -7.86215465e-03 -9.50060289e-03 -8.19966357e-03 -8.19013625e-03]"
50000,100,[0.5],0.05,9,8,uni,64,1.0,0.05,0.01,0.01,0.0001,0.0001,0.0001,0.9,2,0.0,[0],0.0,./data/,./fig/,results_rmax,"[    0   505  1010  1515  2020  2525  3030  3535  4040  4545  5050  5555
  6060  6565  7070  7575  8080  8585  9090  9595 10101 10606 11111 11616
 12121 12626 13131 13636 14141 14646 15151 15656 16161 16666 17171 17676
 18181 18686 19191 19696 20202 20707 21212 21717 22222 22727 23232 23737
 24242 24747 25252 25757 26262 26767 27272 27777 28282 28787 29292 29797
 30303 30808 31313 31818 32323 32828 33333 33838 34343 34848 35353 35858
 36363 36868 37373 37878 38383 38888 39393 39898 40404 40909 41414 41919
 42424 42929 43434 43939 44444 44949 45454 45959 46464 46969 47474 47979
 48484 48989 49494 50000]","[ 1.32368610e-05  1.78245005e-02  1.42838263e-02  1.43645697e-02
  1.28700779e-02  1.28140009e-02  1.22720440e-02  1.27344297e-02
  1.21065074e-02  1.23207766e-02  1.32628177e-02  1.24399609e-02
  1.12705086e-02  1.04717996e-02  1.10599515e-02  1.25621111e-02
  1.22063416e-02  1.14652459e-02  1.15204513e-02  1.18246969e-02
  1.05074617e-02  1.08505417e-02  1.22949361e-02  1.27487342e-02
  1.06287672e-02  9.46987645e-03  9.73265687e-03  1.07811149e-02
  8.48484811e-03  6.06294992e-03  4.15009175e-03  3.41459537e-03
  3.68014338e-03  4.31830927e-03  4.67881571e-03  3.67650358e-03
  5.51296992e-03  5.11777918e-03  6.05212587e-03  5.33201580e-03
  4.61481794e-03  6.43454596e-03  4.81552887e-03  5.06601785e-03
  3.68496336e-03  4.20585071e-03  6.73909841e-04 -7.76902013e-05
  4.94273259e-04  3.09549738e-03  2.25701536e-03  6.29262009e-04
 -2.96246971e-03 -2.95177239e-03  4.67882777e-03  1.10025593e-02
  1.00317789e-02  9.02361650e-03  1.17861890e-02  9.66984482e-03
  4.73270630e-03  4.30931667e-03  4.02456578e-03  6.37849703e-03
  4.22907303e-03  5.54699767e-03  4.55258192e-03  1.32545373e-03
  2.74347691e-03 -7.99234720e-04  1.76286999e-03 -1.04605752e-03
 -1.18086359e-03 -4.07304049e-04 -1.11836679e-03 -1.21416649e-03
 -1.85452998e-03 -4.23547295e-03 -1.08204464e-02 -1.36169146e-02
 -8.11848813e-03 -8.59947273e-03 -8.75946159e-03 -9.36874725e-03
 -1.06157389e-02 -1.18741009e-02 -1.14438158e-02 -1.21562174e-02
 -1.16929961e-02 -1.25165827e-02 -1.12196215e-02 -1.17532353e-02
 -1.26750931e-02 -1.39178670e-02 -1.36515837e-02 -1.34371994e-02
 -1.35356960e-02 -1.39124801e-02 -1.17954028e-02 -1.35846663e-02]"
50000,100,[0.5],0.05,9,7,uni,64,1.0,0.05,0.01,0.01,0.0001,0.0001,0.0001,0.9,2,0.0,[0],0.0,./data/,./fig/,results_rmax,"[    0   505  1010  1515  2020  2525  3030  3535  4040  4545  5050  5555
  6060  6565  7070  7575  8080  8585  9090  9595 10101 10606 11111 11616
 12121 12626 13131 13636 14141 14646 15151 15656 16161 16666 17171 17676
 18181 18686 19191 19696 20202 20707 21212 21717 22222 22727 23232 23737
 24242 24747 25252 25757 26262 26767 27272 27777 28282 28787 29292 29797
 30303 30808 31313 31818 32323 32828 33333 33838 34343 34848 35353 35858
 36363 36868 37373 37878 38383 38888 39393 39898 40404 40909 41414 41919
 42424 42929 43434 43939 44444 44949 45454 45959 46464 46969 47474 47979
 48484 48989 49494 50000]","[ 1.32368610e-05  1.79295612e-02  1.57916499e-02  1.37349435e-02
  1.34497733e-02  1.34757429e-02  1.24322468e-02  1.25217256e-02
  1.31071486e-02  1.24170513e-02  1.23252991e-02  1.29970776e-02
  1.20830215e-02  1.22788408e-02  1.37243138e-02  1.28592045e-02
  1.24906397e-02  1.27739115e-02  1.21541997e-02  1.30340871e-02
  1.26547353e-02  1.24085382e-02  1.27459269e-02  1.39941973e-02
  1.44752520e-02  1.42553280e-02  1.49450404e-02  1.50560634e-02
  1.53918128e-02  1.48976648e-02  1.46205595e-02  1.66838265e-02
  1.72126847e-02  1.73492861e-02  1.70773055e-02  1.67665205e-02
  1.77377999e-02  1.80467099e-02  1.61704608e-02  1.91311132e-02
  1.78483217e-02  1.92798361e-02  1.95024773e-02  1.80339116e-02
  1.90412371e-02  1.71965660e-02  1.66559444e-02  1.33702478e-02
  1.34422890e-02  1.48837735e-02  1.45928087e-02  1.50078797e-02
  1.66648532e-02  1.49983821e-02  1.51725685e-02  1.47316575e-02
  1.62870133e-02  1.51933083e-02  1.35492504e-02  1.06545163e-02
  1.16651025e-02  1.23839738e-02  1.21521658e-02  8.23781704e-03
  9.02183183e-03  6.83664600e-03  4.11659562e-03 -3.68354426e-03
 -8.07664061e-03 -7.99402550e-03 -8.27552502e-03 -8.32321490e-03
 -8.95229340e-03 -9.07725498e-03 -9.56765860e-03 -1.02239360e-02
 -9.71463144e-03 -1.02798180e-02 -1.15798812e-02 -1.11862547e-02
 -1.12365044e-02 -2.32743881e-03 -3.99881020e-03 -4.63591375e-03
 -4.62887257e-03 -4.89991485e-03 -5.11757797e-03 -5.32480318e-03
 -5.21552982e-03 -5.72621884e-03 -6.00552027e-03 -6.16205810e-03
 -6.75304567e-03 -7.27038534e-03 -7.51139863e-03 -8.04553461e-03
 -8.30773794e-03 -8.46219475e-03 -9.02822200e-03 -1.03279228e-02]"
50000,100,[0.5],0.05,9,4,uni,64,1.0,0.05,0.01,0.01,0.0001,0.0001,0.0001,0.9,2,0.0,[0],0.0,./data/,./fig/,results_rmax,"[    0   505  1010  1515  2020  2525  3030  3535  4040  4545  5050  5555
  6060  6565  7070  7575  8080  8585  9090  9595 10101 10606 11111 11616
 12121 12626 13131 13636 14141 14646 15151 15656 16161 16666 17171 17676
 18181 18686 19191 19696 20202 20707 21212 21717 22222 22727 23232 23737
 24242 24747 25252 25757 26262 26767 27272 27777 28282 28787 29292 29797
 30303 30808 31313 31818 32323 32828 33333 33838 34343 34848 35353 35858
 36363 36868 37373 37878 38383 38888 39393 39898 40404 40909 41414 41919
 42424 42929 43434 43939 44444 44949 45454 45959 46464 46969 47474 47979
 48484 48989 49494 50000]","[ 1.32368610e-05  2.04774458e-02  1.66516475e-02  1.64614949e-02
  1.50200397e-02  1.48827422e-02  1.54814051e-02  1.47803313e-02
  1.48235394e-02  1.36371874e-02  1.39285213e-02  1.28216585e-02
  1.34294738e-02  1.34634846e-02  1.49250618e-02  1.32864120e-02
  1.34513370e-02  1.22037704e-02  1.27163942e-02  1.04080469e-02
  8.23045856e-03  9.07661799e-03  7.06346912e-03  7.82242148e-03
  8.73957505e-03  8.53822211e-03  9.00688870e-03  7.15316600e-03
  9.01827926e-03  1.00419580e-02  9.81240529e-03  9.84020425e-03
  9.22201158e-03  9.75108113e-03  1.03613708e-02  1.09606749e-02
  1.08021826e-02  1.10947940e-02  1.19059897e-02  1.16686132e-02
  1.22973618e-02  1.18286908e-02  1.20592825e-02  1.21612016e-02
  1.32205233e-02  1.29356441e-02  5.26700135e-03  4.85895159e-03
  3.56683793e-03  2.28633186e-03  1.12465965e-03  5.61801613e-04
  5.74016867e-03  1.49691628e-03  1.79696140e-03  2.90675759e-03
  1.03566616e-03  3.43502261e-03  3.20520511e-03  4.72316635e-03
  4.60881470e-03  5.64964159e-03  6.40478847e-03  6.19219805e-03
  6.46575532e-03  5.43273016e-03  6.99187019e-03  7.03696549e-03
  7.71576483e-04  1.46634230e-03 -1.00333071e-03  2.69592007e-04
 -2.15108135e-04 -1.17922864e-03  1.41763654e-03 -1.97642531e-04
 -7.39479792e-03 -1.33044972e-02 -1.88610644e-02 -2.77155561e-02
 -2.42011543e-02 -2.94001134e-02 -3.00175820e-02 -2.84212353e-02
 -3.12839014e-02 -3.13443816e-02 -3.29484241e-02 -2.82725971e-02
 -2.91506841e-02 -3.03008848e-02 -2.45215786e-02 -2.78773524e-02
 -2.26097513e-02 -2.17550983e-02 -2.13623047e-02 -1.98966346e-02
 -8.61092583e-03 -9.09197148e-03 -9.46862600e-03 -1.04126244e-02]"
50000,100,[0.5],0.05,9,6,uni,64,1.0,0.05,0.01,0.01,0.0001,0.0001,0.0001,0.9,2,0.0,[0],0.0,./data/,./fig/,results_rmax,"[    0   505  1010  1515  2020  2525  3030  3535  4040  4545  5050  5555
  6060  6565  7070  7575  8080  8585  9090  9595 10101 10606 11111 11616
 12121 12626 13131 13636 14141 14646 15151 15656 16161 16666 17171 17676
 18181 18686 19191 19696 20202 20707 21212 21717 22222 22727 23232 23737
 24242 24747 25252 25757 26262 26767 27272 27777 28282 28787 29292 29797
 30303 30808 31313 31818 32323 32828 33333 33838 34343 34848 35353 35858
 36363 36868 37373 37878 38383 38888 39393 39898 40404 40909 41414 41919
 42424 42929 43434 43939 44444 44949 45454 45959 46464 46969 47474 47979
 48484 48989 49494 50000]","[ 1.32368610e-05  1.94282491e-02  1.61545761e-02  1.47103270e-02
  1.43870628e-02  1.41209580e-02  1.39188966e-02  1.27263300e-02
  1.34435397e-02  1.30672479e-02  1.39187267e-02  1.22702828e-02
  1.22584647e-02  1.37262757e-02  1.32765002e-02  1.26562560e-02
  1.37978856e-02  1.23978063e-02  1.28504893e-02  1.28968315e-02
  1.35194091e-02  1.36418330e-02  1.47305420e-02  1.31738832e-02
  1.39019880e-02  1.38666326e-02  1.54922298e-02  1.46307191e-02
  1.42207268e-02  1.40330227e-02  1.47373651e-02  1.41226119e-02
  1.39736987e-02  1.52801085e-02  1.55901543e-02  1.56320170e-02
  1.58504345e-02  1.56667010e-02  1.60785625e-02  1.61798759e-02
  1.60919404e-02  1.62955659e-02  1.60359089e-02  1.31311559e-02
  9.22313246e-03  1.04174957e-02  1.42873770e-02  1.05758658e-02
  1.41248533e-02  9.38623923e-03  7.82958422e-03  7.69721022e-03
  4.56218849e-03  4.78152582e-03 -2.88026446e-03 -4.68293127e-03
 -5.04324782e-03 -6.36403438e-03 -6.60361235e-03 -6.79102710e-03
 -7.90589607e-03 -7.80214887e-03 -8.19922364e-03 -8.57167645e-03
 -8.62348601e-03 -9.26435020e-03 -9.80457885e-03 -8.91726506e-03
 -1.05205405e-02 -1.07682650e-02 -1.13127577e-02 -1.17263744e-02
 -1.18665377e-02 -1.22403893e-02 -1.21111739e-02 -1.30705159e-02
 -1.20753932e-02 -1.25633074e-02 -1.21425609e-02 -1.12423309e-02
 -1.23906206e-02 -1.27936647e-02 -1.35314283e-02 -1.39666957e-02
 -1.38880743e-02 -1.46866983e-02 -1.39039595e-02 -1.35784520e-02
 -1.42245001e-02 -1.44976241e-02 -1.52599309e-02 -1.56005358e-02
 -1.59778865e-02 -1.98350427e-02 -1.76593496e-02 -1.81393858e-02
 -1.76912576e-02 -1.78838693e-02 -1.82173727e-02 -1.89621546e-02]"
50000,100,[0.5],0.05,9,5,uni,64,1.0,0.05,0.01,0.01,0.0001,0.0001,0.0001,0.9,2,0.0,[0],0.0,./data/,./fig/,results_rmax,"[    0   505  1010  1515  2020  2525  3030  3535  4040  4545  5050  5555
  6060  6565  7070  7575  8080  8585  9090  9595 10101 10606 11111 11616
 12121 12626 13131 13636 14141 14646 15151 15656 16161 16666 17171 17676
 18181 18686 19191 19696 20202 20707 21212 21717 22222 22727 23232 23737
 24242 24747 25252 25757 26262 26767 27272 27777 28282 28787 29292 29797
 30303 30808 31313 31818 32323 32828 33333 33838 34343 34848 35353 35858
 36363 36868 37373 37878 38383 38888 39393 39898 40404 40909 41414 41919
 42424 42929 43434 43939 44444 44949 45454 45959 46464 46969 47474 47979
 48484 48989 49494 50000]","[ 1.32368610e-05  1.98277465e-02  1.57903728e-02  1.48028947e-02
  1.51901583e-02  1.42449217e-02  1.43416175e-02  1.35382884e-02
  1.39705192e-02  1.38381838e-02  1.36646555e-02  1.38573659e-02
  1.42784315e-02  1.38061629e-02  1.37672485e-02  1.31030743e-02
  1.41705432e-02  1.39333352e-02  1.37181208e-02  1.42684258e-02
  1.44301586e-02  1.38203669e-02  1.40371478e-02  1.45703495e-02
  1.30180483e-02  1.44521479e-02  1.53280129e-02  1.50536204e-02
  1.66044390e-02  1.61376882e-02  1.55126830e-02  1.64916198e-02
  1.62853580e-02  1.63160412e-02  1.67096556e-02  1.75824394e-02
  1.77890306e-02  1.84593416e-02  1.66855880e-02  1.77654319e-02
  1.77980733e-02  1.77135704e-02  1.89355339e-02  1.82579075e-02
  1.80722995e-02  1.81371659e-02  1.70263171e-02  1.67027921e-02
  1.35600955e-02  1.51062424e-02  9.18226386e-03  7.22503124e-03
  7.02391219e-03  6.28660213e-03  6.40267660e-03 -1.31323179e-03
 -6.32291873e-03 -7.24963397e-03 -6.72240516e-03 -7.67113537e-03
 -8.15214383e-03 -1.10208588e-02 -1.24765911e-02 -1.27492592e-02
 -1.41414139e-02 -1.52766269e-02 -1.61465935e-02 -1.31917258e-02
 -1.32452849e-02 -1.47411256e-02 -1.27270782e-02 -1.39107590e-02
 -1.23880447e-02 -1.44285646e-02 -1.44023309e-02 -5.41220647e-03
 -5.16881655e-03 -8.80925757e-03 -1.65168067e-02 -2.00326050e-02
 -2.16767202e-02 -2.09985543e-02 -1.38243009e-02 -1.36208390e-02
 -1.33789623e-02 -1.37912696e-02 -1.44078290e-02 -6.37970860e-03
 -6.75021688e-03 -6.78265732e-03 -6.75929266e-03 -7.89594562e-03
 -8.20039673e-03 -8.27553093e-03 -8.37392257e-03 -8.37266495e-03
 -8.50798815e-03 -8.57182003e-03 -8.73873835e-03 -8.96493706e-03]"
50000,100,[0.5],0.05,9,9,uni,64,1.0,0.05,0.01,0.01,0.0001,0.0001,0.0001,0.9,2,0.0,[0],0.0,./data/,./fig/,results_rmax,"[    0   505  1010  1515  2020  2525  3030  3535  4040  4545  5050  5555
  6060  6565  7070  7575  8080  8585  9090  9595 10101 10606 11111 11616
 12121 12626 13131 13636 14141 14646 15151 15656 16161 16666 17171 17676
 18181 18686 19191 19696 20202 20707 21212 21717 22222 22727 23232 23737
 24242 24747 25252 25757 26262 26767 27272 27777 28282 28787 29292 29797
 30303 30808 31313 31818 32323 32828 33333 33838 34343 34848 35353 35858
 36363 36868 37373 37878 38383 38888 39393 39898 40404 40909 41414 41919
 42424 42929 43434 43939 44444 44949 45454 45959 46464 46969 47474 47979
 48484 48989 49494 50000]","[ 1.32368610e-05  1.75996243e-02  1.52437783e-02  1.39122581e-02
  1.34544194e-02  1.21952812e-02  1.30191854e-02  1.23307276e-02
  1.30693343e-02  1.23548998e-02  1.22376680e-02  1.09113512e-02
  1.22823152e-02  1.14940340e-02  1.19131872e-02  1.19515889e-02
  1.18204193e-02  1.28698981e-02  1.28210819e-02  1.28298632e-02
  1.29230701e-02  1.27136989e-02  1.23225015e-02  1.29962501e-02
  1.44246707e-02  1.44168021e-02  1.41314135e-02  1.46502020e-02
  1.41903108e-02  1.59006860e-02  1.53705088e-02  1.65264664e-02
  1.55678166e-02  1.66234862e-02  1.66752544e-02  1.63441310e-02
  1.69877978e-02  1.64499758e-02  1.69865972e-02  1.77218220e-02
  1.79612467e-02  1.77729899e-02  1.81897040e-02  1.81807759e-02
  1.85234706e-02  1.84368789e-02  1.43710204e-02  1.43073100e-02
  1.46005124e-02  1.38176588e-02  1.26712168e-02  1.45298875e-02
  1.40496717e-02  1.40005535e-02  1.31315278e-02  1.37118162e-02
  1.37140381e-02  9.55512853e-03  7.56368432e-03  5.86120776e-03
  5.38049432e-03  4.80814129e-03  2.42064693e-03  9.44619853e-04
  1.11813654e-02  4.56965122e-03  5.13716254e-03  5.27669445e-03
  5.78322333e-03  4.93890882e-03  3.91036132e-03  3.68055408e-03
  3.28010952e-03  2.45855496e-03  2.26499846e-03  1.51124052e-03
  9.97649946e-03  5.72748538e-03  4.99931880e-03  4.91641965e-03
  3.97499946e-03  4.08090615e-03  5.06293264e-03  1.94751083e-03
  1.54303126e-03  7.42456654e-04  4.68641308e-04 -3.64333257e-04
  1.17800556e-03  1.53642926e-03  2.12042146e-03  1.84295046e-03
  2.39278246e-03  1.88279225e-03  1.79324104e-03  1.37177249e-03
  1.55018136e-03  1.85153411e-04  7.60260721e-04  6.60568429e-04]"
50000,100,[0.5],0.05,9,3,uni,64,1.0,0.05,0.01,0.01,0.0001,0.0001,0.0001,0.9,2,0.0,[0],0.0,./data/,./fig/,results_rmax,"[    0   505  1010  1515  2020  2525  3030  3535  4040  4545  5050  5555
  6060  6565  7070  7575  8080  8585  9090  9595 10101 10606 11111 11616
 12121 12626 13131 13636 14141 14646 15151 15656 16161 16666 17171 17676
 18181 18686 19191 19696 20202 20707 21212 21717 22222 22727 23232 23737
 24242 24747 25252 25757 26262 26767 27272 27777 28282 28787 29292 29797
 30303 30808 31313 31818 32323 32828 33333 33838 34343 34848 35353 35858
 36363 36868 37373 37878 38383 38888 39393 39898 40404 40909 41414 41919
 42424 42929 43434 43939 44444 44949 45454 45959 46464 46969 47474 47979
 48484 48989 49494 50000]","[ 1.32368610e-05  1.71347701e-02  1.60476968e-02  1.42934956e-02
  1.43736122e-02  1.45800373e-02  1.46916322e-02  1.30155747e-02
  1.30742522e-02  1.23463988e-02  1.23185597e-02  1.22426263e-02
  1.23552698e-02  1.35536778e-02  1.29778368e-02  1.30245271e-02
  1.34424414e-02  1.32148699e-02  1.25110433e-02  1.26868382e-02
  1.44634198e-02  1.41565546e-02  1.36230631e-02  1.40913322e-02
  1.49480664e-02  1.48407493e-02  1.53029218e-02  1.50930075e-02
  1.58797605e-02  1.62650318e-02  1.62011788e-02  1.64419096e-02
  1.42679384e-02  1.61918662e-02  1.70470122e-02  1.66882610e-02
  1.75576714e-02  1.71338843e-02  1.73657645e-02  1.60022518e-02
  1.83717521e-02  1.91851171e-02  1.82752657e-02  1.86499031e-02
  1.88730432e-02  1.89200023e-02  1.94501846e-02  1.92259450e-02
  1.98438250e-02  1.93007734e-02  1.48340509e-02  1.67330764e-02
  1.88890243e-02  1.86407594e-02  1.67575282e-02  1.67651620e-02
  1.62644086e-02  1.30642633e-02  1.06886383e-02  8.40652313e-03
  6.31560904e-03  5.05893723e-03  8.60496239e-03  2.20484466e-03
 -2.08724380e-03  4.53707687e-06 -3.02078941e-03  5.97191532e-03
  7.68465080e-03  4.91074854e-03  1.96732308e-03 -2.16699694e-03
  4.49399223e-03  1.09322209e-02  1.18057997e-02  1.15627653e-02
  1.23256008e-02  1.36242413e-02  1.18386815e-02  9.95032509e-03
  7.97906558e-03  7.99723247e-03  5.50108059e-03  6.56873097e-03
  2.82616946e-04 -8.10906911e-04 -2.24671728e-03 -3.15490414e-03
 -3.65876742e-03 -5.20636138e-03 -4.07127073e-03 -4.47409957e-03
 -4.75039887e-03 -5.24411460e-03 -5.40148098e-03 -5.81146152e-03
 -5.86644326e-03 -6.68004484e-03 -7.81653030e-03 -8.98748295e-03]"
